Field,ZP_gaiascale
STRIPE82-0001,0.011
STRIPE82-0002,0.023
STRIPE82-0003,0.019
STRIPE82-0004,0.01
STRIPE82-0005,0.009
STRIPE82-0006,0.019
STRIPE82-0007,0.012
STRIPE82-0008,0.028
STRIPE82-0009,0.019
STRIPE82-0010,0.025
STRIPE82-0011,0.019
STRIPE82-0012,0.02
STRIPE82-0013,0.019
STRIPE82-0014,0.017
STRIPE82-0015,0.018
STRIPE82-0016,0.01
STRIPE82-0017,0.015
STRIPE82-0018,0.018
STRIPE82-0019,0.017
STRIPE82-0020,0.017
STRIPE82-0021,0.019
STRIPE82-0022,0.014
STRIPE82-0023,0.015
STRIPE82-0024,0.017
STRIPE82-0025,0.011
STRIPE82-0026,0.026
STRIPE82-0027,0.016
STRIPE82-0028,0.025
STRIPE82-0029,0.013
STRIPE82-0030,0.03
STRIPE82-0031,0.016
STRIPE82-0032,0.022
STRIPE82-0033,0.018
STRIPE82-0034,0.015
STRIPE82-0035,0.019
STRIPE82-0036,0.01
STRIPE82-0037,0.016
STRIPE82-0038,0.013
STRIPE82-0039,0.017
STRIPE82-0040,0.019
STRIPE82-0041,0.018
STRIPE82-0042,0.026
STRIPE82-0043,0.016
STRIPE82-0044,0.031
STRIPE82-0045,0.014
STRIPE82-0046,0.019
STRIPE82-0047,0.015
STRIPE82-0048,0.009
STRIPE82-0049,0.016
STRIPE82-0050,0.026
STRIPE82-0051,0.019
STRIPE82-0052,0.02
STRIPE82-0053,0.018
STRIPE82-0054,0.029
STRIPE82-0055,0.016
STRIPE82-0056,0.021
STRIPE82-0057,0.016
STRIPE82-0058,0.027
STRIPE82-0059,0.015
STRIPE82-0060,0.027
STRIPE82-0061,0.014
STRIPE82-0062,0.013
STRIPE82-0063,0.01
STRIPE82-0064,0.008
STRIPE82-0065,0.001
STRIPE82-0066,0.016
STRIPE82-0067,0.006
STRIPE82-0068,0.02
STRIPE82-0069,0.011
STRIPE82-0070,0.017
STRIPE82-0071,0.011
STRIPE82-0072,0.016
STRIPE82-0073,0.008
STRIPE82-0074,0.011
STRIPE82-0075,0.003
STRIPE82-0076,0.015
STRIPE82-0077,0.001
STRIPE82-0078,0.015
STRIPE82-0079,0.006
STRIPE82-0080,0.014
STRIPE82-0100,0.023
STRIPE82-0101,0.015
STRIPE82-0102,0.024
STRIPE82-0103,0.011
STRIPE82-0104,0.019
STRIPE82-0105,0.006
STRIPE82-0106,0.017
STRIPE82-0107,0.011
STRIPE82-0108,0.023
STRIPE82-0109,0.019
STRIPE82-0110,0.02
STRIPE82-0111,0.007
STRIPE82-0112,0.018
STRIPE82-0113,0.015
STRIPE82-0114,0.016
STRIPE82-0115,0.017
STRIPE82-0116,0.024
STRIPE82-0117,0.022
STRIPE82-0118,0.027
STRIPE82-0119,0.018
STRIPE82-0120,0.029
STRIPE82-0121,0.017
STRIPE82-0122,0.026
STRIPE82-0123,0.018
STRIPE82-0124,0.006
STRIPE82-0125,0.004
STRIPE82-0126,0.013
STRIPE82-0127,0.001
STRIPE82-0128,0.015
STRIPE82-0129,0.012
STRIPE82-0130,0.025
STRIPE82-0131,0.007
STRIPE82-0132,0.025
STRIPE82-0133,0.009
STRIPE82-0134,0.025
STRIPE82-0135,0.01
STRIPE82-0136,0.024
STRIPE82-0137,0.012
STRIPE82-0138,0.014
STRIPE82-0139,0.012
STRIPE82-0140,0.007
STRIPE82-0141,0.013
STRIPE82-0142,0.019
STRIPE82-0143,0.012
STRIPE82-0144,0.017
STRIPE82-0145,0.01
STRIPE82-0146,0.018
STRIPE82-0147,0.004
STRIPE82-0148,0.009
STRIPE82-0149,0.011
STRIPE82-0150,0.022
STRIPE82-0151,0.016
STRIPE82-0152,0.024
STRIPE82-0153,0.016
STRIPE82-0154,0.025
STRIPE82-0155,0.019
STRIPE82-0156,0.018
STRIPE82-0157,0.017
STRIPE82-0158,0.022
STRIPE82-0159,0.014
STRIPE82-0160,0.023
STRIPE82-0161,0.013
STRIPE82-0162,0.02
STRIPE82-0163,0.015
STRIPE82-0164,0.022
STRIPE82-0165,0.016
STRIPE82-0166,0.024
STRIPE82-0167,0.013
STRIPE82-0168,0.02
STRIPE82-0169,0.015
STRIPE82-0170,0.018
STRIPE82-0081,-0.006
STRIPE82-0082,-0.012
STRIPE82-0083,-0.013
STRIPE82-0084,-0.019
STRIPE82-0085,-0.054
STRIPE82-0086,-0.033
STRIPE82-0087,0.029
STRIPE82-0088,0.004
STRIPE82-0089,0.014
STRIPE82-0090,0.009
STRIPE82-0091,0.002
STRIPE82-0092,0.01
STRIPE82-0093,0.008
STRIPE82-0094,-0.062
STRIPE82-0095,0.004
STRIPE82-0096,0.003
STRIPE82-0097,-0.005
STRIPE82-0098,0.013
STRIPE82-0099,0.008
HYDRA-0011,0.015
HYDRA-0012,0.014
HYDRA-0013,0.017
HYDRA-0014,0.013
HYDRA-0015,0.015
HYDRA-0016,0.016
HYDRA-0017,0.014
HYDRA-0018,0.013
HYDRA-0019,0.014
HYDRA-0020,0.014
HYDRA-0021,0.014
HYDRA-0022,0.018
HYDRA-0023,0.016
HYDRA-0024,0.017
HYDRA-0025,0.011
HYDRA-0026,0.017
HYDRA-0027,0.014
HYDRA-0028,0.013
HYDRA-0029,0.013
HYDRA-0030,0.013
HYDRA-0031,0.013
HYDRA-0032,0.013
HYDRA-0033,0.012
HYDRA-0034,0.015
HYDRA-0035,0.013
HYDRA-0036,0.015
HYDRA-0037,0.016
HYDRA-0038,0.012
HYDRA-0039,0.015
HYDRA-0040,0.013
HYDRA-0041,0.015
HYDRA-0042,0.015
HYDRA-0043,0.015
HYDRA-0044,0.016
HYDRA-0045,0.014
HYDRA-0046,0.017
HYDRA-0047,0.014
HYDRA-0048,0.016
HYDRA-0049,0.012
HYDRA-0050,0.012
HYDRA-0051,0.012
HYDRA-0052,0.016
HYDRA-0053,0.014
HYDRA-0054,0.017
HYDRA-0055,0.018
HYDRA-0056,0.016
HYDRA-0057,0.018
HYDRA-0058,0.016
HYDRA-0059,0.011
HYDRA-0060,0.012
HYDRA-0062,0.015
HYDRA-0063,0.015
HYDRA-0064,0.014
HYDRA-0067,0.014
HYDRA-0068,0.007
HYDRA-0069,0.011
HYDRA-0070,0.01
HYDRA-0071,0.012
HYDRA-0072,0.016
HYDRA-0073,0.012
HYDRA-0074,0.013
HYDRA-0075,0.007
HYDRA-0076,0.011
HYDRA-0077,0.008
HYDRA-0078,0.008
HYDRA-0079,0.01
HYDRA-0080,0.011
HYDRA-0081,0.011
HYDRA-0082,0.013
HYDRA-0083,0.011
HYDRA-0084,0.012
HYDRA-0085,0.012
HYDRA-0086,0.009
HYDRA-0087,0.008
HYDRA-0088,0.01
HYDRA-0089,0.009
HYDRA-0091,0.012
HYDRA-0092,0.012
HYDRA-0093,0.013
HYDRA-0094,0.013
HYDRA-0095,0.009
HYDRA-0096,0.008
HYDRA-0097,0.007
HYDRA-0098,0.007
HYDRA-0099,0.015
HYDRA-0100,0.015
HYDRA-0101,0.014
HYDRA-0102,0.012
HYDRA-0103,0.005
HYDRA-0104,0.007
HYDRA-0105,0.008
HYDRA-0106,0.014
HYDRA-0107,0.014
HYDRA-0108,0.011
HYDRA-0110,0.009
HYDRA-0111,0.009
HYDRA-0112,0.007
HYDRA-0113,0.008
HYDRA-0115,0.007
HYDRA-0116,0.011
HYDRA-0117,0.013
HYDRA-0118,0.014
HYDRA-0119,0.01
HYDRA-0123,0.003
HYDRA-0124,0.003
HYDRA-0125,0.004
HYDRA-0127,0.007
HYDRA-0128,0.007
HYDRA-0132,0.005
HYDRA-0133,0.006
HYDRA-0134,0.01
HYDRA-0135,0.006
HYDRA-0136,0.009
HYDRA-0140,0.001
HYDRA-0141,0.004
HYDRA-0142,0.002
HYDRA-0143,0.002
HYDRA-0144,-0.004
HYDRA-0146,-0.0
HYDRA-0147,-0.0
HYDRA-0149,0.003
HYDRA-0150,-0.0
HYDRA-0151,-0.002
HYDRA-0153,-0.004
HYDRA-0154,-0.003
HYDRA-0155,0.004
HYDRA-0156,0.002
HYDRA-0157,-0.0
HYDRA-0158,0.002
HYDRA-0159,0.005
HYDRA-0162,-0.013
HYDRA-0163,-0.005
HYDRA-0164,-0.006
HYDRA-0165,-0.001
HYDRA-0166,-0.003
HYDRA-0167,-0.001
HYDRA-D-0001,0.011
HYDRA-D-0002,0.01
HYDRA-D-0003,0.012
HYDRA-D-0004,0.011
SPLUS-n01s01,0.02
SPLUS-n01s19,0.02
SPLUS-n01s20,0.024
SPLUS-n01s21,0.021
SPLUS-n01s22,0.019
SPLUS-n01s23,0.02
SPLUS-n01s24,0.021
SPLUS-n01s25,0.019
SPLUS-n01s27,0.02
SPLUS-n01s37,0.022
SPLUS-n01s38,0.022
SPLUS-n02n01,0.018
SPLUS-n02n18,0.022
SPLUS-n02n19,0.02
SPLUS-n02n21,0.02
SPLUS-n02n22,0.022
SPLUS-n02n23,0.018
SPLUS-n02n24,0.02
SPLUS-n02n26,0.021
SPLUS-n02n27,0.019
SPLUS-n02n28,0.017
SPLUS-n02s21,0.022
SPLUS-n02s22,0.019
SPLUS-n02s23,0.018
SPLUS-n02s24,0.018
SPLUS-n02s25,0.019
SPLUS-n02s27,0.019
SPLUS-n02s28,0.017
SPLUS-n02s37,0.021
SPLUS-n02s38,0.019
SPLUS-n02s44,0.015
SPLUS-n03n01,0.018
SPLUS-n03s18,0.018
SPLUS-n03s19,0.017
SPLUS-n03s22,0.02
SPLUS-n03s23,0.019
SPLUS-n03s24,0.019
SPLUS-n03s25,0.019
SPLUS-n03s26,0.016
SPLUS-n03s27,0.015
SPLUS-n03s28,0.018
SPLUS-n03s43,0.019
SPLUS-n03s44,0.02
SPLUS-n04n01,0.023
SPLUS-n04s01,0.019
SPLUS-n04s02,0.021
SPLUS-n04s41,0.02
SPLUS-n04s42,0.024
SPLUS-n04s43,0.019
SPLUS-n04s44,0.022
SPLUS-n05n50,0.025
SPLUS-n05n53,0.019
SPLUS-n05n54,0.025
SPLUS-n05n55,0.026
SPLUS-n05s01,0.018
SPLUS-n05s02,0.019
SPLUS-n05s03,0.015
SPLUS-n05s43,0.022
SPLUS-n05s44,0.021
SPLUS-n05s45,0.023
SPLUS-n06s01,0.016
SPLUS-n06s02,0.016
SPLUS-n06s03,0.016
SPLUS-n06s40,0.019
SPLUS-n06s41,0.021
SPLUS-n06s42,0.02
SPLUS-n06s43,0.02
SPLUS-n06s44,0.021
SPLUS-n06s45,0.02
SPLUS-n07s01,0.016
SPLUS-n07s02,0.015
SPLUS-n07s03,0.019
SPLUS-n07s04,0.015
SPLUS-n07s38,0.019
SPLUS-n07s39,0.02
SPLUS-n07s40,0.018
SPLUS-n07s41,0.008
SPLUS-n07s42,0.01
SPLUS-n07s43,0.017
SPLUS-n07s44,0.018
SPLUS-n08s01,0.009
SPLUS-n08s02,0.014
SPLUS-n08s03,0.015
SPLUS-n08s04,0.019
SPLUS-n08s37,0.02
SPLUS-n08s38,0.016
SPLUS-n08s39,0.018
SPLUS-n08s40,0.017
SPLUS-n08s41,0.018
SPLUS-n08s42,0.017
SPLUS-n09s01,0.017
SPLUS-n09s02,0.018
SPLUS-n09s03,0.021
SPLUS-n09s04,0.017
SPLUS-n09s05,0.017
SPLUS-n09s36,0.019
SPLUS-n09s40,0.017
SPLUS-n09s41,0.016
SPLUS-n09s42,0.018
SPLUS-n09s43,0.015
SPLUS-n09s44,0.017
SPLUS-n10s01,0.016
SPLUS-n10s02,0.012
SPLUS-n10s03,0.017
SPLUS-n10s17,0.013
SPLUS-n10s34,0.017
SPLUS-n10s35,0.02
SPLUS-n10s36,0.018
SPLUS-n10s39,0.018
SPLUS-n10s40,0.018
SPLUS-n10s41,0.015
SPLUS-n10s42,0.017
SPLUS-n10s43,0.016
SPLUS-n11s01,0.014
SPLUS-n11s02,0.017
SPLUS-n11s03,0.014
SPLUS-n11s04,0.012
SPLUS-n11s05,0.014
SPLUS-n11s06,0.015
SPLUS-n11s07,0.016
SPLUS-n11s08,0.024
SPLUS-n11s09,0.016
SPLUS-n11s10,0.017
SPLUS-n11s11,0.019
SPLUS-n11s12,0.019
SPLUS-n11s26,0.019
SPLUS-n11s29,0.019
SPLUS-n11s30,0.016
SPLUS-n11s31,0.019
SPLUS-n11s32,0.021
SPLUS-n11s33,0.019
SPLUS-n11s34,0.018
SPLUS-n11s35,0.018
SPLUS-n11s36,0.017
SPLUS-n11s37,0.011
SPLUS-n11s38,0.009
SPLUS-n11s39,0.019
SPLUS-n11s40,0.013
SPLUS-n11s41,0.015
SPLUS-n11s42,0.015
SPLUS-n11s43,0.015
SPLUS-n11s44,0.012
SPLUS-n12s01,0.018
SPLUS-n12s02,0.015
SPLUS-n12s03,0.019
SPLUS-n12s04,0.014
SPLUS-n12s05,0.011
SPLUS-n12s06,0.021
SPLUS-n12s07,0.019
SPLUS-n12s08,0.016
SPLUS-n12s09,0.017
SPLUS-n12s10,0.015
SPLUS-n12s11,0.018
SPLUS-n12s12,0.017
SPLUS-n12s23,0.015
SPLUS-n12s24,0.016
SPLUS-n12s25,0.011
SPLUS-n12s26,0.018
SPLUS-n12s28,0.02
SPLUS-n12s29,0.016
SPLUS-n12s30,0.017
SPLUS-n12s31,0.016
SPLUS-n12s32,0.017
SPLUS-n12s33,0.017
SPLUS-n12s34,0.018
SPLUS-n12s35,0.014
SPLUS-n12s36,0.017
SPLUS-n12s37,0.019
SPLUS-n12s38,0.008
SPLUS-n12s39,0.019
SPLUS-n12s40,0.016
SPLUS-n12s41,0.02
SPLUS-n12s42,0.015
SPLUS-n13s01,0.019
SPLUS-n13s02,0.018
SPLUS-n13s03,0.016
SPLUS-n13s04,0.014
SPLUS-n13s05,0.014
SPLUS-n13s06,0.015
SPLUS-n13s07,0.014
SPLUS-n13s08,0.017
SPLUS-n13s09,0.018
SPLUS-n13s10,0.017
SPLUS-n13s11,0.016
SPLUS-n13s12,0.019
SPLUS-n13s13,0.015
SPLUS-n13s14,0.017
SPLUS-n13s15,0.017
SPLUS-n13s19,0.018
SPLUS-n13s21,0.017
SPLUS-n13s22,0.015
SPLUS-n13s23,0.019
SPLUS-n13s24,0.02
SPLUS-n13s29,0.019
SPLUS-n13s30,0.017
SPLUS-n13s31,0.02
SPLUS-n13s32,0.018
SPLUS-n13s33,0.023
SPLUS-n13s35,0.015
SPLUS-n13s36,0.012
SPLUS-n13s37,0.018
SPLUS-n13s39,0.018
SPLUS-n13s40,0.016
SPLUS-n13s41,0.015
SPLUS-n13s42,0.013
SPLUS-n14s01,0.019
SPLUS-n14s02,0.017
SPLUS-n14s03,0.017
SPLUS-n14s04,0.019
SPLUS-n14s05,0.017
SPLUS-n14s06,0.017
SPLUS-n14s07,0.02
SPLUS-n14s08,0.018
SPLUS-n14s10,0.023
SPLUS-n14s11,0.021
SPLUS-n14s12,0.013
SPLUS-n14s13,0.02
SPLUS-n14s14,0.018
SPLUS-n14s15,0.016
SPLUS-n14s17,0.018
SPLUS-n14s18,0.018
SPLUS-n14s19,0.021
SPLUS-n14s20,0.019
SPLUS-n14s21,0.018
SPLUS-n14s22,0.018
SPLUS-n14s31,0.021
SPLUS-n14s32,0.023
SPLUS-n14s33,0.019
SPLUS-n15s01,0.019
SPLUS-n15s02,0.018
SPLUS-n15s03,0.018
SPLUS-n15s04,0.017
SPLUS-n15s05,0.013
SPLUS-n15s06,0.011
SPLUS-n15s07,0.016
SPLUS-n15s08,0.022
SPLUS-n15s09,0.02
SPLUS-n15s10,0.021
SPLUS-n15s11,0.019
SPLUS-n15s12,0.014
SPLUS-n15s13,0.018
SPLUS-n15s14,0.016
SPLUS-n15s15,0.018
SPLUS-n15s16,0.017
SPLUS-n15s17,0.02
SPLUS-n15s18,0.019
SPLUS-n15s19,0.016
SPLUS-n15s20,0.016
SPLUS-n15s21,0.017
SPLUS-n15s31,0.017
SPLUS-n15s32,0.021
SPLUS-n15s33,0.017
SPLUS-n16s01,0.019
SPLUS-n16s02,0.019
SPLUS-n16s03,0.018
SPLUS-n16s04,0.018
SPLUS-n16s05,0.02
SPLUS-n16s06,0.019
SPLUS-n16s07,0.017
SPLUS-n16s08,0.016
SPLUS-n16s09,0.015
SPLUS-n16s10,0.02
SPLUS-n16s11,0.018
SPLUS-n16s12,0.018
SPLUS-n16s13,0.017
SPLUS-n16s14,0.019
SPLUS-n16s15,0.017
SPLUS-n16s17,0.015
SPLUS-n16s18,0.015
SPLUS-n16s19,0.018
SPLUS-n16s20,0.018
SPLUS-n17s01,0.022
SPLUS-n17s02,0.018
SPLUS-n17s03,0.019
SPLUS-n17s04,0.023
SPLUS-n17s05,0.017
SPLUS-n17s06,0.017
SPLUS-n17s07,0.016
SPLUS-n17s08,0.019
SPLUS-n17s09,0.019
SPLUS-n17s10,0.019
SPLUS-n17s11,0.016
SPLUS-n17s12,0.019
SPLUS-n17s13,0.021
SPLUS-n17s14,0.018
SPLUS-n17s16,0.016
SPLUS-n17s17,0.018
SPLUS-n17s18,0.017
SPLUS-n17s19,0.015
SPLUS-n17s20,0.018
SPLUS-n17s21,0.017
SPLUS-n17s51,0.011
SPLUS-n18s01,0.018
SPLUS-n18s02,0.017
SPLUS-n18s03,0.022
SPLUS-n18s04,0.018
SPLUS-n18s05,0.016
SPLUS-n18s06,0.017
SPLUS-n18s07,0.018
SPLUS-n18s08,0.016
SPLUS-n18s09,0.016
SPLUS-n18s10,0.017
SPLUS-n18s11,0.017
SPLUS-n18s12,0.018
SPLUS-n18s13,0.018
SPLUS-n18s14,0.016
SPLUS-n18s15,0.019
SPLUS-n18s16,0.018
SPLUS-n18s17,0.018
SPLUS-n18s18,0.018
SPLUS-n18s19,0.017
SPLUS-n18s20,0.017
SPLUS-n18s21,0.017
SPLUS-n18s32,0.012
SPLUS-n18s33,0.013
SPLUS-n18s51,0.011
SPLUS-n19s01,0.014
SPLUS-n19s02,0.014
SPLUS-n19s03,0.01
SPLUS-n19s04,0.014
SPLUS-n19s05,0.009
SPLUS-n19s06,0.019
SPLUS-n19s07,0.018
SPLUS-n19s08,0.021
SPLUS-n19s09,0.015
SPLUS-n19s10,0.018
SPLUS-n19s11,0.015
SPLUS-n19s22,0.012
SPLUS-n19s23,0.016
SPLUS-n19s29,0.016
SPLUS-n20s01,0.015
SPLUS-n20s02,0.013
SPLUS-n20s03,0.013
SPLUS-n20s23,0.018
SPLUS-n20s25,0.018
SPLUS-n20s34,0.014
SPLUS-n20s35,0.015
SPLUS-n20s40,0.011
SPLUS-s02s01,0.02
SPLUS-s02s02,0.019
SPLUS-s02s03,0.015
SPLUS-s02s04,0.007
SPLUS-s02s05,0.016
SPLUS-s02s06,0.01
SPLUS-s02s07,0.013
SPLUS-s02s08,0.013
SPLUS-s02s10,0.016
SPLUS-s02s11,0.015
SPLUS-s02s12,0.017
SPLUS-s02s13,0.016
SPLUS-s02s15,0.013
SPLUS-s02s16,0.017
SPLUS-s02s17,0.018
SPLUS-s02s19,0.02
SPLUS-s02s20,0.018
SPLUS-s02s21,0.024
SPLUS-s02s22,0.019
SPLUS-s02s23,0.02
SPLUS-s02s24,0.019
SPLUS-s02s25,0.022
SPLUS-s02s26,0.02
SPLUS-s03s01,0.022
SPLUS-s03s03,0.014
SPLUS-s03s04,0.01
SPLUS-s03s05,0.003
SPLUS-s13s46,0.015
SPLUS-s16s22,0.008
SPLUS-s17s22,0.012
SPLUS-s17s23,0.015
SPLUS-s17s30,0.016
SPLUS-s18s22,0.014
SPLUS-s18s23,0.015
SPLUS-s18s28,0.015
SPLUS-s19s22,-0.008
SPLUS-s19s23,0.015
SPLUS-s19s24,0.02
SPLUS-s19s33,0.017
SPLUS-s19s34,0.018
SPLUS-s20s22,0.012
SPLUS-s20s23,0.002
SPLUS-s20s24,0.017
SPLUS-s20s25,0.015
SPLUS-s20s32,0.02
SPLUS-s20s33,0.016
SPLUS-s20s34,0.014
SPLUS-s20s35,0.02
SPLUS-s20s38,0.019
SPLUS-s21s10,0.021
SPLUS-s21s21,0.012
SPLUS-s21s22,0.012
SPLUS-s21s23,0.014
SPLUS-s21s24,0.02
SPLUS-s21s32,0.019
SPLUS-s21s33,0.021
SPLUS-s22s10,0.023
SPLUS-s22s15,0.023
SPLUS-s22s17,0.022
SPLUS-s22s19,0.023
SPLUS-s22s20,0.024
SPLUS-s22s21,0.009
SPLUS-s22s22,0.01
SPLUS-s22s23,0.01
SPLUS-s22s24,0.01
SPLUS-s22s32,0.02
SPLUS-s22s33,0.02
SPLUS-s22s34,0.021
SPLUS-s23s03,0.021
SPLUS-s23s04,0.018
SPLUS-s23s05,0.02
SPLUS-s23s06,0.021
SPLUS-s23s08,0.025
SPLUS-s23s09,0.023
SPLUS-s23s12,0.022
SPLUS-s23s13,0.022
SPLUS-s23s14,0.019
SPLUS-s23s15,0.022
SPLUS-s23s16,0.025
SPLUS-s23s17,0.025
SPLUS-s23s18,0.024
SPLUS-s23s19,0.022
SPLUS-s23s20,0.027
SPLUS-s23s21,0.01
SPLUS-s23s22,0.011
SPLUS-s23s23,0.01
SPLUS-s23s24,0.01
SPLUS-s23s25,0.012
SPLUS-s23s26,0.016
SPLUS-s23s27,0.017
SPLUS-s23s28,0.016
SPLUS-s23s29,0.018
SPLUS-s23s31,0.021
SPLUS-s23s32,0.019
SPLUS-s23s33,0.021
SPLUS-s23s34,0.021
SPLUS-s23s35,0.022
SPLUS-s23s36,0.022
SPLUS-s23s37,0.022
SPLUS-s23s38,0.023
SPLUS-s23s42,0.021
SPLUS-s23s43,0.019
SPLUS-s23s44,0.024
SPLUS-s23s45,0.021
SPLUS-s23s46,0.019
SPLUS-s23s47,0.022
SPLUS-s23s48,0.021
SPLUS-s23s49,0.02
SPLUS-s24s02,0.023
SPLUS-s24s03,0.018
SPLUS-s24s04,0.02
SPLUS-s24s05,0.024
SPLUS-s24s07,0.023
SPLUS-s24s08,0.023
SPLUS-s24s09,0.024
SPLUS-s24s10,0.024
SPLUS-s24s11,0.021
SPLUS-s24s12,0.024
SPLUS-s24s13,0.024
SPLUS-s24s14,0.024
SPLUS-s24s15,0.023
SPLUS-s24s16,0.023
SPLUS-s24s17,0.023
SPLUS-s24s18,0.022
SPLUS-s24s19,0.022
SPLUS-s24s20,0.025
SPLUS-s24s21,0.023
SPLUS-s24s23,0.023
SPLUS-s24s24,0.021
SPLUS-s24s25,0.021
SPLUS-s24s26,0.016
SPLUS-s24s27,0.019
SPLUS-s24s28,0.022
SPLUS-s24s29,0.021
SPLUS-s24s31,0.017
SPLUS-s24s33,0.016
SPLUS-s24s34,0.019
SPLUS-s24s35,0.02
SPLUS-s24s37,0.024
SPLUS-s24s38,0.018
SPLUS-s24s39,0.024
SPLUS-s24s40,0.022
SPLUS-s24s41,0.027
SPLUS-s24s42,0.018
SPLUS-s24s43,0.019
SPLUS-s24s44,0.022
SPLUS-s24s45,0.019
SPLUS-s24s46,0.016
SPLUS-s24s47,0.021
SPLUS-s24s48,0.024
SPLUS-s24s49,0.009
SPLUS-s24s50,0.003
SPLUS-s24s51,0.01
SPLUS-s24s52,0.01
SPLUS-s24s53,0.016
SPLUS-s24s54,0.017
SPLUS-s24s55,0.021
SPLUS-s24s57,0.025
SPLUS-s24s59,0.018
SPLUS-s24s61,0.024
SPLUS-s24s62,0.024
SPLUS-s24s63,0.021
SPLUS-s24s64,0.022
SPLUS-s24s65,0.021
SPLUS-s24s66,0.023
SPLUS-s24s69,0.023
SPLUS-s24s70,0.022
SPLUS-s24s71,0.02
SPLUS-s24s72,0.022
SPLUS-s24s73,0.023
SPLUS-s24s74,0.022
SPLUS-s24s75,0.023
SPLUS-s24s76,0.023
SPLUS-s25s07,0.022
SPLUS-s25s08,0.023
SPLUS-s25s09,0.022
SPLUS-s25s10,0.024
SPLUS-s25s12,0.02
SPLUS-s25s13,0.024
SPLUS-s25s14,0.022
SPLUS-s25s15,0.023
SPLUS-s25s16,0.024
SPLUS-s25s17,0.02
SPLUS-s25s18,0.024
SPLUS-s25s19,0.022
SPLUS-s25s20,0.021
SPLUS-s25s21,0.024
SPLUS-s25s22,0.019
SPLUS-s25s23,0.021
SPLUS-s25s24,0.016
SPLUS-s25s26,0.015
SPLUS-s25s27,0.019
SPLUS-s25s28,0.018
SPLUS-s25s29,0.022
SPLUS-s25s30,0.02
SPLUS-s25s31,0.02
SPLUS-s25s32,0.022
SPLUS-s25s33,0.021
SPLUS-s25s34,0.02
SPLUS-s25s37,0.012
SPLUS-s25s38,0.024
SPLUS-s25s39,0.018
SPLUS-s25s40,0.022
SPLUS-s25s43,0.017
SPLUS-s25s44,0.022
SPLUS-s25s45,0.021
SPLUS-s25s46,0.021
SPLUS-s25s47,0.02
SPLUS-s25s48,0.023
SPLUS-s25s49,0.009
SPLUS-s25s50,0.009
SPLUS-s25s52,0.0
SPLUS-s26s07,0.023
SPLUS-s26s08,0.022
SPLUS-s26s09,0.02
SPLUS-s26s10,0.023
SPLUS-s26s11,0.022
SPLUS-s26s12,0.026
SPLUS-s26s13,0.023
SPLUS-s26s14,0.022
SPLUS-s26s15,0.021
SPLUS-s26s16,0.023
SPLUS-s26s17,0.021
SPLUS-s26s18,0.023
SPLUS-s26s19,0.022
SPLUS-s26s20,0.021
SPLUS-s26s21,0.019
SPLUS-s26s22,0.021
SPLUS-s26s23,0.021
SPLUS-s26s24,0.02
SPLUS-s26s25,0.023
SPLUS-s26s26,0.02
SPLUS-s26s27,0.022
SPLUS-s26s28,0.023
SPLUS-s26s29,0.021
SPLUS-s26s30,0.023
SPLUS-s26s31,0.016
SPLUS-s26s32,0.02
SPLUS-s26s33,0.022
SPLUS-s26s34,0.022
SPLUS-s26s35,0.019
SPLUS-s26s36,0.022
SPLUS-s26s37,0.024
SPLUS-s26s38,0.023
SPLUS-s26s39,0.021
SPLUS-s26s42,0.019
SPLUS-s26s43,0.017
SPLUS-s26s44,0.022
SPLUS-s26s45,0.023
SPLUS-s26s47,0.021
SPLUS-s26s48,0.01
SPLUS-s26s49,0.013
SPLUS-s26s50,0.012
SPLUS-s26s51,0.013
SPLUS-s27s07,0.023
SPLUS-s27s08,0.039
SPLUS-s27s09,0.019
SPLUS-s27s10,0.017
SPLUS-s27s11,0.022
SPLUS-s27s12,0.026
SPLUS-s27s13,0.018
SPLUS-s27s14,0.019
SPLUS-s27s15,0.02
SPLUS-s27s16,0.02
SPLUS-s27s17,0.021
SPLUS-s27s18,0.019
SPLUS-s27s19,0.023
SPLUS-s27s20,0.022
SPLUS-s27s21,0.019
SPLUS-s27s22,0.018
SPLUS-s27s23,0.018
SPLUS-s27s24,0.021
SPLUS-s27s25,0.021
SPLUS-s27s26,0.019
SPLUS-s27s27,0.027
SPLUS-s27s28,0.02
SPLUS-s27s29,0.023
SPLUS-s27s30,0.02
SPLUS-s27s31,0.023
SPLUS-s27s32,0.02
SPLUS-s27s33,0.023
SPLUS-s27s34,0.017
SPLUS-s27s35,0.022
SPLUS-s27s36,0.022
SPLUS-s27s37,0.02
SPLUS-s27s38,0.021
SPLUS-s27s39,0.022
SPLUS-s27s41,0.02
SPLUS-s27s42,0.021
SPLUS-s27s43,0.02
SPLUS-s27s44,0.014
SPLUS-s27s45,0.022
SPLUS-s27s46,0.016
SPLUS-s27s47,0.017
SPLUS-s27s48,0.013
SPLUS-s27s49,0.01
SPLUS-s28s28,0.022
SPLUS-s28s29,0.023
SPLUS-s28s30,0.02
SPLUS-s28s31,0.021
SPLUS-s28s32,0.023
SPLUS-s28s33,0.02
SPLUS-s28s34,0.021
SPLUS-s28s36,0.023
SPLUS-s28s37,0.024
SPLUS-s28s38,0.024
SPLUS-s28s39,0.021
SPLUS-s28s40,0.023
SPLUS-s28s41,0.024
SPLUS-s28s42,0.021
SPLUS-s28s43,0.023
SPLUS-s28s44,0.019
SPLUS-s28s45,0.024
SPLUS-s28s46,0.02
SPLUS-s28s47,0.014
SPLUS-s28s48,0.012
SPLUS-s28s49,0.018
SPLUS-s29s28,0.02
SPLUS-s29s29,0.021
SPLUS-s29s30,0.02
SPLUS-s29s31,0.023
SPLUS-s29s32,0.02
SPLUS-s29s33,0.021
SPLUS-s29s34,0.019
SPLUS-s29s35,0.021
SPLUS-s29s36,0.023
SPLUS-s29s37,0.026
SPLUS-s29s38,0.022
SPLUS-s29s39,0.02
SPLUS-s29s40,0.018
SPLUS-s29s41,0.024
SPLUS-s29s42,0.03
SPLUS-s29s43,0.021
SPLUS-s29s44,0.019
SPLUS-s29s45,0.02
SPLUS-s29s46,0.016
SPLUS-s29s47,0.015
SPLUS-s29s48,0.016
SPLUS-s29s65,0.021
SPLUS-s30s23,0.026
SPLUS-s30s28,0.022
SPLUS-s30s29,0.021
SPLUS-s30s30,0.021
SPLUS-s30s31,0.024
SPLUS-s30s32,0.022
SPLUS-s30s33,0.021
SPLUS-s30s34,0.022
SPLUS-s30s35,0.022
SPLUS-s30s36,0.024
SPLUS-s30s37,0.024
SPLUS-s30s38,0.022
SPLUS-s30s39,0.022
SPLUS-s30s40,0.021
SPLUS-s30s41,0.021
SPLUS-s30s42,0.02
SPLUS-s30s43,0.022
SPLUS-s30s45,0.015
SPLUS-s30s47,0.019
SPLUS-s31s10,0.022
SPLUS-s31s23,0.021
SPLUS-s31s28,0.023
SPLUS-s31s29,0.019
SPLUS-s31s30,0.024
SPLUS-s31s31,0.021
SPLUS-s31s32,0.02
SPLUS-s31s33,0.02
SPLUS-s31s34,0.023
SPLUS-s31s35,0.023
SPLUS-s31s36,0.02
SPLUS-s31s37,0.022
SPLUS-s31s38,0.02
SPLUS-s31s39,0.023
SPLUS-s31s40,0.019
SPLUS-s31s41,0.018
SPLUS-s31s42,0.017
SPLUS-s31s44,0.019
SPLUS-s31s45,0.022
SPLUS-s31s58,0.021
SPLUS-s32s22,0.023
SPLUS-s32s28,0.024
SPLUS-s32s29,0.02
SPLUS-s32s30,0.022
SPLUS-s32s31,0.025
SPLUS-s32s32,0.022
SPLUS-s32s33,0.022
SPLUS-s32s34,0.023
SPLUS-s32s35,0.024
SPLUS-s32s36,0.022
SPLUS-s32s37,0.031
SPLUS-s32s38,0.019
SPLUS-s32s39,0.02
SPLUS-s32s40,0.02
SPLUS-s32s41,0.019
SPLUS-s32s42,0.022
SPLUS-s32s43,0.021
SPLUS-s32s44,0.017
SPLUS-s32s45,0.018
SPLUS-s32s65,0.018
SPLUS-s33s06,0.024
SPLUS-s33s29,0.026
SPLUS-s33s30,0.024
SPLUS-s33s31,0.024
SPLUS-s33s32,0.025
SPLUS-s33s33,0.023
SPLUS-s33s34,0.025
SPLUS-s33s35,0.021
SPLUS-s33s36,0.021
SPLUS-s33s37,0.024
SPLUS-s33s38,0.02
SPLUS-s33s39,0.016
SPLUS-s33s40,0.018
SPLUS-s33s41,0.021
SPLUS-s33s43,0.018
SPLUS-s33s44,0.021
SPLUS-s34s21,0.021
SPLUS-s34s28,0.023
SPLUS-s34s29,0.025
SPLUS-s34s30,0.021
SPLUS-s34s31,0.023
SPLUS-s34s32,0.026
SPLUS-s34s33,0.022
SPLUS-s34s34,0.023
SPLUS-s34s35,0.023
SPLUS-s34s36,0.022
SPLUS-s34s38,0.022
SPLUS-s34s39,0.022
SPLUS-s34s40,0.018
SPLUS-s34s41,0.023
SPLUS-s34s42,0.018
SPLUS-s34s43,0.02
SPLUS-s35s28,0.025
SPLUS-s35s29,0.021
SPLUS-s35s30,0.023
SPLUS-s35s31,0.023
SPLUS-s35s32,0.022
SPLUS-s35s33,0.022
SPLUS-s35s34,0.024
SPLUS-s35s35,0.022
SPLUS-s35s38,0.024
SPLUS-s35s39,0.022
SPLUS-s35s40,0.022
SPLUS-s35s41,0.02
SPLUS-s35s45,0.019
SPLUS-s36s17,0.021
SPLUS-s36s28,0.022
SPLUS-s36s29,0.022
SPLUS-s36s30,0.024
SPLUS-s36s31,0.025
SPLUS-s36s32,0.022
SPLUS-s36s33,0.023
SPLUS-s36s34,0.022
SPLUS-s36s35,0.022
SPLUS-s36s36,0.02
SPLUS-s36s37,0.022
SPLUS-s36s38,0.02
SPLUS-s36s39,0.02
SPLUS-s36s40,0.017
SPLUS-s36s41,0.015
SPLUS-s37s28,0.024
SPLUS-s37s29,0.022
SPLUS-s37s30,0.025
SPLUS-s37s31,0.022
SPLUS-s37s32,0.022
SPLUS-s37s33,0.021
SPLUS-s37s34,0.022
SPLUS-s37s35,0.022
SPLUS-s37s36,0.021
SPLUS-s37s37,0.019
SPLUS-s37s38,0.017
SPLUS-s37s39,0.021
SPLUS-s37s44,0.024
SPLUS-s38s05,0.025
SPLUS-s38s27,0.024
SPLUS-s38s28,0.022
SPLUS-s38s29,0.023
SPLUS-s38s30,0.024
SPLUS-s38s31,0.026
SPLUS-s38s32,0.018
SPLUS-s38s33,0.022
SPLUS-s38s34,0.021
SPLUS-s38s35,0.019
SPLUS-s38s36,0.022
SPLUS-s38s37,0.021
SPLUS-s38s38,0.017
SPLUS-s38s47,0.024
SPLUS-s39s20,0.02
SPLUS-s39s24,0.023
SPLUS-s39s25,0.019
SPLUS-s39s27,0.022
SPLUS-s39s28,0.02
SPLUS-s39s29,0.021
SPLUS-s39s30,0.02
SPLUS-s39s31,0.023
SPLUS-s39s32,0.018
SPLUS-s39s33,0.02
SPLUS-s39s34,0.02
SPLUS-s39s35,0.021
SPLUS-s39s36,0.022
SPLUS-s39s37,0.018
SPLUS-s39s38,0.018
SPLUS-s40s26,0.024
SPLUS-s40s27,0.023
SPLUS-s40s28,0.019
SPLUS-s40s29,0.02
SPLUS-s40s30,0.019
SPLUS-s40s31,0.022
SPLUS-s40s32,0.02
SPLUS-s40s33,0.021
SPLUS-s40s34,0.021
SPLUS-s40s35,0.022
SPLUS-s41s26,0.02
SPLUS-s41s27,0.022
SPLUS-s41s28,0.021
SPLUS-s41s29,0.022
SPLUS-s41s30,0.021
SPLUS-s41s31,0.023
SPLUS-s41s32,0.018
SPLUS-s41s33,0.021
SPLUS-s41s34,0.022
SPLUS-s42s25,0.023
SPLUS-s42s25,0.023
SPLUS-s42s26,0.018
SPLUS-s42s27,0.02
SPLUS-s42s28,0.021
SPLUS-s42s29,0.022
SPLUS-s42s30,0.017
SPLUS-s42s32,0.02
SPLUS-s42s33,0.02
SPLUS-s42s34,0.015
SPLUS-s42s51,0.02
SPLUS-s43s21,0.019
SPLUS-s43s22,0.019
SPLUS-s43s24,0.025
SPLUS-s43s25,0.021
SPLUS-s43s26,0.022
SPLUS-s43s27,0.022
SPLUS-s43s28,0.022
SPLUS-s43s29,0.022
SPLUS-s43s32,0.019
SPLUS-s43s46,0.021
SPLUS-s44s23,0.023
SPLUS-s44s24,0.021
SPLUS-s44s25,0.021
SPLUS-s44s26,0.022
SPLUS-s44s27,0.022
SPLUS-s44s28,0.019
SPLUS-s44s29,0.022
SPLUS-s44s30,0.019
SPLUS-s44s31,0.021
SPLUS-s45s22,0.021
SPLUS-s45s23,0.021
SPLUS-s45s24,0.023
SPLUS-s45s25,0.02
SPLUS-s45s26,0.02
SPLUS-s45s27,0.022
SPLUS-s45s28,0.022
SPLUS-s45s29,0.019
SPLUS-s45s30,0.019
SPLUS-s45s31,0.018
SPLUS-s45s41,0.023
SPLUS-s46s01,0.021
SPLUS-s46s02,0.022
SPLUS-s46s22,0.02
SPLUS-s46s23,0.019
SPLUS-s46s24,0.019
SPLUS-s46s25,0.021
SPLUS-s46s26,0.018
SPLUS-s46s27,0.019
SPLUS-s46s28,0.021
SPLUS-s46s29,0.019
SPLUS-s46s32,0.018
SPLUS-s46s40,0.02
HYDRA-0061,0.016
HYDRA-0114,0.005
HYDRA-0120,0.008
HYDRA-0121,0.002
HYDRA-0122,0.002
HYDRA-0126,0.011
HYDRA-0129,-0.002
HYDRA-0130,0.003
HYDRA-0131,0.006
HYDRA-0137,-0.004
HYDRA-0138,0.003
HYDRA-0139,0.005
HYDRA-0145,0.004
HYDRA-0148,0.002
HYDRA-0152,-0.005
HYDRA-0160,-0.005
HYDRA-0161,-0.001
SPLUS-n01s18,0.019
SPLUS-n01s26,0.02
SPLUS-n01s28,0.018
SPLUS-n02n20,0.02
SPLUS-n02n25,0.021
SPLUS-n02n44,0.021
SPLUS-n02s18,0.023
SPLUS-n02s19,0.021
SPLUS-n02s20,0.023
SPLUS-n02s26,0.018
SPLUS-n03s20,0.019
SPLUS-n03s21,0.022
SPLUS-n08s43,0.019
SPLUS-n09s37,0.016
SPLUS-n09s38,0.015
SPLUS-n09s39,0.018
SPLUS-n10s04,0.019
SPLUS-n10s05,0.016
SPLUS-n10s06,0.016
SPLUS-n10s37,0.017
SPLUS-n10s38,0.018
SPLUS-n11s28,0.018
SPLUS-n12s27,0.022
SPLUS-n13s25,0.021
SPLUS-n13s28,0.019
SPLUS-n14s09,0.022
SPLUS-n14s16,0.019
SPLUS-n15s22,0.016
SPLUS-n16s16,0.02
SPLUS-n16s21,0.019
SPLUS-n17s15,0.02
SPLUS-s02s09,0.014
SPLUS-s21s31,0.016
SPLUS-s23s01,0.019
SPLUS-s23s02,0.021
SPLUS-s23s10,0.018
SPLUS-s23s11,0.023
SPLUS-s23s30,0.018
SPLUS-s23s39,0.024
SPLUS-s23s41,0.02
SPLUS-s24s01,0.02
SPLUS-s24s22,0.023
SPLUS-s24s32,0.026
SPLUS-s24s36,0.021
SPLUS-s24s56,0.02
SPLUS-s24s58,0.018
SPLUS-s24s67,0.025
SPLUS-s24s68,0.02
SPLUS-s25s35,0.021
SPLUS-s25s36,0.021
SPLUS-s25s51,0.008
SPLUS-s26s40,0.024
SPLUS-s26s41,0.02
SPLUS-s27s40,0.023
SPLUS-s28s35,0.025
SPLUS-s33s42,0.021
SPLUS-s34s37,0.023
SPLUS-s35s36,0.021
SPLUS-s35s37,0.021
SPLUS-s36s48,0.018
SPLUS-s37s20,0.018
SPLUS-s40s17,0.022
SPLUS-s42s31,0.021
SPLUS-s43s30,0.021
SPLUS-s43s31,0.022
HYDRA-0065,0.011
HYDRA-0066,0.013
HYDRA-0109,0.028
SPLUS-s42s20,0.029
MC0001,-0.035
MC0002,-0.033
MC0003,-0.035
MC0004,-0.036
MC0005,-0.039
MC0006,-0.04
MC0007,-0.038
MC0008,-0.039
MC0009,-0.039
MC0010,-0.039
MC0011,-0.036
MC0012,-0.036
MC0013,-0.038
MC0014,-0.036
MC0015,-0.04
MC0016,-0.04
MC0017,-0.042
MC0018,-0.038
MC0019,-0.038
MC0020,-0.04
MC0021,-0.035
MC0027,-0.041
MC0028,-0.042
MC0029,-0.039
MC0036,-0.04
MC0044,-0.041
MC0045,-0.037
MC0046,-0.032
MC0047,-0.034
MC0048,-0.038
MC0049,-0.036
MC0050,-0.033
MC0051,-0.032
MC0052,-0.034
MC0053,-0.034
MC0054,-0.036
MC0055,-0.033
MC0056,-0.034
MC0057,-0.035
MC0058,-0.036
MC0059,-0.039
MC0060,-0.038
MC0061,-0.04
MC0068,-0.042
MC0069,-0.036
MC0070,-0.036
MC0071,-0.033
MC0072,-0.039
MC0073,-0.034
MC0074,-0.035
MC0075,-0.031
MC0076,-0.03
MC0077,-0.035
MC0078,-0.032
MC0080,-0.035
MC0081,-0.035
MC0082,-0.038
MC0083,-0.042
MC0084,-0.043
MC0091,-0.041
MC0092,
MC0093,-0.039
MC0096,-0.035
MC0097,-0.036
MC0098,-0.032
MC0099,-0.026
MC0100,-0.033
MC0101,-0.032
MC0102,-0.036
MC0103,-0.036
MC0104,-0.04
MC0105,-0.042
MC0106,-0.042
MC0107,-0.043
MC0108,-0.046
MC0109,-0.047
MC0110,-0.043
MC0112,-0.043
MC0113,-0.035
MC0118,-0.036
MC0119,-0.034
MC0120,-0.035
MC0121,-0.037
MC0122,-0.036
MC0123,-0.036
MC0124,-0.041
MC0125,-0.04
MC0126,-0.042
MC0127,-0.041
MC0129,-0.043
MC0130,-0.044
MC0131,-0.042
MC0132,-0.043
MC0133,-0.035
MC0134,-0.038
MC0135,-0.037
MC0136,-0.037
MC0137,-0.035
MC0138,-0.035
MC0139,-0.036
MC0140,-0.036
MC0141,-0.038
MC0142,-0.039
MC0143,-0.043
MC0144,-0.042
MC0145,-0.041
MC0146,-0.04
MC0147,-0.041
MC0148,-0.042
MC0149,-0.044
MC0150,-0.045
MC0030,-0.05
MC0031,-0.052
MC0038,-0.058
MC0039,-0.059
MC0040,-0.058
MC0041,-0.058
MC0062,-0.052
MC0066,-0.06
MC0067,-0.045
MC0086,-0.047
MC0087,-0.057
MC0088,-0.062
MC0089,-0.049
MC0090,-0.046
MC0094,-0.047
MC0095,-0.044
MC0111,-0.058
MC0114,-0.045
MC0115,-0.045
MC0116,-0.044
MC0022,-0.037
MC0023,-0.033
MC0024,-0.047
MC0025,-0.039
MC0026,-0.038
MC0032,-0.05
MC0033,-0.047
MC0034,-0.039
MC0035,-0.039
MC0037,-0.035
MC0042,-0.045
MC0043,-0.033
MC0079,-0.024
MC0085,-0.041
MC0117,-0.034
MC0128,-0.033
MC0063,-0.044
MC0064,-0.057
MC0065,-0.055
SPLUS-d020,-0.071
SPLUS-d023,-0.071
SPLUS-d024,-0.06
SPLUS-d025,-0.063
SPLUS-d029,-0.08
SPLUS-d035,-0.063
SPLUS-d036,-0.069
SPLUS-d037,-0.06
SPLUS-d038,-0.067
SPLUS-d043,-0.071
SPLUS-d049,-0.016
SPLUS-d050,-0.064
SPLUS-d051,-0.027
SPLUS-d052,-0.069
SPLUS-d057,-0.054
SPLUS-d058,-0.058
SPLUS-d059,-0.056
SPLUS-d061,-0.061
SPLUS-d065,-0.065
SPLUS-d073,-0.057
SPLUS-d074,-0.059
SPLUS-d088,-0.052
SPLUS-d090,-0.058
SPLUS-d097,-0.066
SPLUS-d098,-0.063
SPLUS-d106,-0.012
SPLUS-d115,-0.064
SPLUS-d120,-0.042
SPLUS-d121,-0.056
SPLUS-d130,-0.06
SPLUS-d137,-0.045
SPLUS-d138,-0.039
SPLUS-d139,-0.054
SPLUS-d142,-0.057
SPLUS-d152,-0.032
SPLUS-d153,-0.044
SPLUS-d154,-0.037
SPLUS-d161,-0.061
SPLUS-d168,-0.043
SPLUS-d169,-0.043
SPLUS-d170,-0.046
SPLUS-d172,-0.049
SPLUS-d177,-0.064
SPLUS-d178,-0.062
SPLUS-d179,-0.065
SPLUS-d181,-0.059
SPLUS-d184,-0.04
SPLUS-d185,-0.043
SPLUS-d187,-0.049
SPLUS-d188,-0.05
SPLUS-d190,-0.061
SPLUS-d196,-0.057
SPLUS-d200,-0.044
SPLUS-d201,-0.045
SPLUS-d202,-0.045
SPLUS-d203,-0.048
SPLUS-d207,-0.058
SPLUS-d209,-0.063
SPLUS-d210,-0.046
SPLUS-d211,-0.064
SPLUS-d213,-0.064
SPLUS-d215,-0.055
SPLUS-d216,-0.042
SPLUS-d218,-0.012
SPLUS-d220,-0.05
SPLUS-d223,-0.061
SPLUS-d224,-0.064
SPLUS-d226,-0.059
SPLUS-d227,-0.06
SPLUS-d228,-0.066
SPLUS-d231,-0.056
SPLUS-d232,-0.045
SPLUS-d233,-0.038
SPLUS-d235,-0.048
SPLUS-d236,-0.05
SPLUS-d239,-0.064
SPLUS-d240,-0.041
SPLUS-d242,-0.075
SPLUS-d243,-0.092
SPLUS-d245,-0.005
SPLUS-d246,-0.06
SPLUS-d247,-0.056
SPLUS-d248,-0.048
SPLUS-d249,-0.05
SPLUS-d250,-0.049
SPLUS-d251,-0.053
SPLUS-d252,-0.043
SPLUS-d253,-0.055
SPLUS-d254,-0.057
SPLUS-d255,-0.058
SPLUS-d256,-0.065
SPLUS-d257,-0.067
SPLUS-d258,-0.074
SPLUS-d259,-0.065
SPLUS-d260,-0.067
SPLUS-d261,-0.064
SPLUS-d262,-0.061
SPLUS-d263,-0.06
SPLUS-d264,-0.056
SPLUS-d266,-0.052
SPLUS-d267,-0.052
SPLUS-d270,-0.056
SPLUS-d271,-0.061
SPLUS-d273,-0.054
SPLUS-d274,-0.07
SPLUS-d276,-0.073
SPLUS-d278,-0.067
SPLUS-d279,-0.064
SPLUS-d280,-0.061
SPLUS-d282,-0.059
SPLUS-d283,-0.053
SPLUS-d288,-0.06
SPLUS-d294,-0.06
SPLUS-d295,-0.059
SPLUS-d297,-0.063
SPLUS-d298,-0.052
SPLUS-d304,-0.068
SPLUS-d306,-0.056
SPLUS-d308,-0.069
SPLUS-d309,-0.073
SPLUS-d310,-0.069
SPLUS-d313,-0.063
SPLUS-d321,-0.066
SPLUS-d324,-0.058
SPLUS-d325,-0.068
SPLUS-d326,-0.072
SPLUS-d328,-0.071
SPLUS-d329,-0.075
SPLUS-d330,-0.07
SPLUS-d331,-0.059
SPLUS-d336,-0.071
SPLUS-d343,-0.069
SPLUS-d344,-0.072
SPLUS-d345,-0.071
SPLUS-d346,-0.075
SPLUS-d347,-0.051
SPLUS-d356,-0.066
SPLUS-d358,-0.064
SPLUS-d360,-0.066
SPLUS-d361,-0.063
SPLUS-d362,-0.134
SPLUS-d375,-0.052
SPLUS-d376,-0.046
SPLUS-d377,-0.058
SPLUS-d386,-0.062
SPLUS-d390,-0.065
SPLUS-d391,-0.052
SPLUS-d392,-0.059
SPLUS-d393,-0.052
SPLUS-d406,-0.052
SPLUS-d407,-0.049
SPLUS-d420,-0.077
SPLUS-d421,-0.049
SPLUS-d433,-0.059
SPLUS-d434,-0.05
SPLUS-d435,-0.059
SPLUS-d443,-0.076
SPLUS-d445,-0.11
SPLUS-d446,-0.07
SPLUS-d452,-0.062
SPLUS-d455,-0.076
SPLUS-d456,-0.073
SPLUS-d457,-0.071
SPLUS-d466,-0.079
SPLUS-d467,-0.07
SPLUS-d468,-0.075
SPLUS-d477,-0.076
SPLUS-d478,-0.077
SPLUS-d487,-0.077
SPLUS-d504,-0.072
SPLUS-d510,-0.066
SPLUS-d511,-0.077
SPLUS-d517,-0.066
SPLUS-d522,-0.06
